github_handle	full_name	orcid	affiliation	email	approve	funding
cgreene	Casey S. Greene	0000-0001-8713-9213	Department of Systems Pharmacology and Translational Therapeutics, Perelman School of Medicine, University of Pennsylvania, Philadelphia, PA	csgreene@upenn.edu	Yes	Gordon and Betty Moore Foundation GBMF 4552
j3xugit	Jinbo Xu	0000-0001-7111-4839	Toyota Technological Institute at Chicago, Chicago, IL	jinboxu@gmail.com	Yes	NIH R01GM089753, NSF 1564955
gailrosen	Gail L. Rosen	0000-0003-1763-5750	Ecological and Evolutionary Signal-processing and Informatics Laboratory, Department of Electrical and Computer Engineering, Drexel University, Philadelphia, PA	gailr@ece.drexel.edu	Yes	NSF 1245632
davharris	David J. Harris	0000-0003-3332-9307	Department of Wildlife Ecology and Conservation, University of Florida, Gainesville, FL	dave@harris-research.me	Yes	Gordon and Betty Moore Foundation GBMF 4563
bdo311	Brian T. Do	0000-0003-4992-2623	Harvard Medical School, Boston, MA	brian_do@hms.harvard.edu	Yes	NIH T32GM007753
gwaygenomics	Gregory P. Way	0000-0002-0503-9348	Department of Systems Pharmacology and Translational Therapeutics, Perelman School of Medicine, University of Pennsylvania, Philadelphia, PA	gregway@upenn.edu	Yes	
alxndrkalinin	Alexandr A. Kalinin	0000-0003-4563-3226	Department of Computational Medicine and Bioinformatics, University of Michigan Medical School, Ann Arbor, MI	akalinin@umich.edu	Yes	
agitter	Anthony Gitter	0000-0002-5324-9833	Department of Biostatistics and Medical Informatics, University of Wisconsin-Madison and Morgridge Institute for Research, Madison, WI	gitter@biostat.wisc.edu	Yes	NIH U54AI117924
brettbj	Brett K. Beaulieu-Jones	0000-0002-6700-1468	Genomics and Computational Biology Graduate Group, Perelman School of Medicine, University of Pennsylvania, Philadelphia, PA	brettbe@upenn.edu	Yes	NIH R01AI116794
blengerich	Benjamin J. Lengerich	0000-0001-8690-9554	Computational Biology Department, School of Computer Science, Carnegie Mellon University, Pittsburgh, PA	blengeri@cs.cmu.edu	Yes	
agapow	Paul-Michael Agapow	0000-0003-1126-1479	Data Science Institute, Imperial College London, London, United Kingdom	p.agapow@imperial.ac.uk	Yes	
enricoferrero	Enrico Ferrero	0000-0002-8362-100X	Computational Biology and Stats, Target Sciences, GlaxoSmithKline, Stevenage, United Kingdom	enrico.x.ferrero@gsk.com	Yes	
annecarpenter	Anne E. Carpenter	0000-0003-1555-8261	Imaging Platform, Broad Institute of Harvard and MIT, Cambridge, MA	anne@broadinstitute.org	Yes	NIH R01GM089652
evancofer	Evan M. Cofer	0000-0003-3877-0433	Department of Computer Science, Trinity University, San Antonio, TX	ecofer@princeton.edu	Yes	NSF 1531594
DaveDeCaprio	Dave DeCaprio	0000-0001-8931-9461	ClosedLoop.ai, Austin, TX	daved@alum.mit.edu	Yes	
akundaje	Anshul Kundaje	0000-0003-3084-2287	Department of Genetics and Department of Computer Science, Stanford University, Stanford, CA	akundaje@stanford.edu	Yes	NIH DP2GM123485
sw1	Stephen Woloszynek	0000-0003-0568-298X	Ecological and Evolutionary Signal-processing and Informatics Laboratory, Department of Electrical and Computer Engineering, Drexel University, Philadelphia, PA	sw424@drexel.edu	Yes	
yfpeng	Yifan Peng	0000-0001-9309-8331	National Center for Biotechnology Information and National Library of Medicine, National Institutes of Health, Bethesda, MD	yifan.peng@nih.gov	Yes	National Institutes of Health Intramural Research Program and National Library of Medicine
dhimmel	Daniel S. Himmelstein	0000-0002-3012-7446	Department of Systems Pharmacology and Translational Therapeutics, Perelman School of Medicine, University of Pennsylvania, Philadelphia, PA	daniel.himmelstein@gmail.com	Yes	Gordon and Betty Moore Foundation GBMF 4552
jacklanchantin	Jack Lanchantin	0000-0003-0811-0944	Department of Computer Science, University of Virginia, Charlottesville, VA	jjl5sw@virginia.edu	Yes	
qiyanjun	Yanjun Qi	0000-0002-5796-7453	Department of Computer Science, University of Virginia, Charlottesville, VA	yq2h@virginia.edu	Yes	
mrwns	Marwin H. S. Segler	0000-0001-8008-0546	Institute of Organic Chemistry, Westf채lische Wilhelms-Universit채t M체nster, M체nster, Germany	marwin.segler@uni-muenster.de	Yes	
jisraeli	Johnny Israeli	0000-0003-1633-5780	Biophysics Program, Stanford University, Stanford, CA	jisraeli@stanford.edu	Yes	
xieconnect	Wei Xie	0000-0002-1871-6846	Electrical Engineering and Computer Science, Vanderbilt University, Nashville, TN	wei.xie@vanderbilt.edu	Yes	
AvantiShri	Avanti Shrikumar	0000-0002-6443-4671	Department of Computer Science, Stanford University, Stanford, CA	avanti@stanford.edu	Yes	
laurakwiley	Laura K. Wiley	0000-0001-6681-9754	Division of Biomedical Informatics and Personalized Medicine, University of Colorado School of Medicine, Aurora, CO	laura.wiley@ucdenver.edu	Yes	
traversc	Travers Ching	0000-0002-5577-3516	Molecular Biosciences and Bioengineering Graduate Program, University of Hawaii at Manoa, Honolulu, HI	traversc@gmail.com	Yes	
