manuscript_citekey	detagged_citekey	standard_citekey	short_citekey
arxiv:1106.5730	arxiv:1106.5730	arxiv:1106.5730	3qm8sXnB
arxiv:1206.7051	arxiv:1206.7051	arxiv:1206.7051	8RAYEOPl
arxiv:1212.0901v2	arxiv:1212.0901v2	arxiv:1212.0901v2	g2vvbB91
arxiv:1301.3781	arxiv:1301.3781	arxiv:1301.3781	1GhHIDxuW
tag:word2vec	arxiv:1301.3781	arxiv:1301.3781	1GhHIDxuW
arxiv:1308.0850	arxiv:1308.0850	arxiv:1308.0850	15y7iq6HF
tag:Zeiler2013_visualizing	arxiv:1311.2901	arxiv:1311.2901	voh0OiT2
tag:Simonyan2013_deep	arxiv:1312.6034	arxiv:1312.6034	1YcKYTvO
tag:Caruana2014_need	arxiv:1312.6184	arxiv:1312.6184	1AhGoHZP9
arxiv:1312.6199	arxiv:1312.6199	arxiv:1312.6199	1Fel6Bdb8
arxiv:1403.1347	arxiv:1403.1347	arxiv:1403.1347	8t43CQ9m
tag:Krizhevsky2014_weird_trick	arxiv:1404.5997	arxiv:1404.5997	ZSVsnPVO
tag:Dahl2014_multi_qsar	arxiv:1406.1231	arxiv:1406.1231	1Dzz0P0qr
tag:Bahdanu2014_neural	arxiv:1409.0473	arxiv:1409.0473	haHzVaaz
tag:Sutskever	arxiv:1409.3215	arxiv:1409.3215	2cMhMv5A
tag:CudNN	arxiv:1410.0759	arxiv:1410.0759	YwdqeYZi
arxiv:1411.2581v1	arxiv:1411.2581v1	arxiv:1411.2581v1	pxdeuhMS
tag:Mahendran2014_understanding	arxiv:1412.0035	arxiv:1412.0035	19mGl6pfy
tag:Nguyen2014_adversarial	arxiv:1412.1897v4	arxiv:1412.1897v4	1AkF8Wsv7
arxiv:1412.6572	arxiv:1412.6572	arxiv:1412.6572	UtcyntjF
tag:Springenberg2014_striving	arxiv:1412.6806	arxiv:1412.6806	f2L6isRj
tag:Bengio2015_prec	arxiv:1412.7024	arxiv:1412.7024	1G3owNNps
tag:Ramsundar2015_multitask_drug	arxiv:1502.02072	arxiv:1502.02072	yAoN5gTU
tag:Gupta2015_prec	arxiv:1502.02551	arxiv:1502.02551	CKcJuj03
arxiv:1502.02791	arxiv:1502.02791	arxiv:1502.02791	iWxvn0xF
tag:Xu2015_show	arxiv:1502.03044	arxiv:1502.03044	yHn4SDRI
tag:Hinton2015_dark_knowledge	arxiv:1503.02531	arxiv:1503.02531	1CRF3gAV
tag:Hadjas2015_cc	arxiv:1504.04343	arxiv:1504.04343	13KjSCKB2
tag:Chen2015_hashing	arxiv:1504.04788	arxiv:1504.04788	15lYGmZpY
tag:Meng2016_mllib	arxiv:1505.06807	arxiv:1505.06807	rZnxDitd
arxiv:1505.07818	arxiv:1505.07818	arxiv:1505.07818	nu0eLZr0
tag:domain_adapt_uncertainty	arxiv:1505.07818	arxiv:1505.07818	nu0eLZr0
tag:Karpathy2015_visualizing	arxiv:1506.02078	arxiv:1506.02078	2cpYveR4
tag:Gal2015_dropout	arxiv:1506.02142	arxiv:1506.02142	1FDihfnM
tag:Yosinksi2015_understanding	arxiv:1506.06579	arxiv:1506.06579	17i18PMkR
tag:Su2015_gpu	arxiv:1507.01239	arxiv:1507.01239	aClNvbyM
tag:Wallach2015_atom_net	arxiv:1510.02855	arxiv:1510.02855	Z7fd0BYf
tag:Lipton2015_lstm	arxiv:1510.07641	arxiv:1510.07641	glyI7H6F
arxiv:1511.02386	arxiv:1511.02386	arxiv:1511.02386	15lbUf0as
arxiv:1511.05942	arxiv:1511.05942	arxiv:1511.05942	11tMRPqto
tag:Moritz2015_sparknet	arxiv:1511.06051	arxiv:1511.06051	rmJZ2Aui
tag:Radford_dcgan	arxiv:1511.06434v2	arxiv:1511.06434v2	136QC0Zul
tag:Che2015_distill	arxiv:1512.03542	arxiv:1512.03542	14DAmZTDg
arxiv:1602.00357	arxiv:1602.00357	arxiv:1602.00357	HRXii6Ni
tag:Lacey2016_dl_fpga	arxiv:1602.04283	arxiv:1602.04283	9NKsJjSw
tag:Ribeiro2016_lime	arxiv:1602.04938	arxiv:1602.04938	QwXSJhr0
tag:TensorFlow	arxiv:1603.04467	arxiv:1603.04467	hOeUlCvS
tag:Lee2016_deeptarget	arxiv:1603.09123v2	arxiv:1603.09123v2	1GwC1ll6h
tag:Liu2016_towards	arxiv:1604.07043	arxiv:1604.07043	AEc66xxR
tag:Park2016_deepmirgene	arxiv:1605.00017	arxiv:1605.00017	1TeyWffV
arxiv:1605.03661	arxiv:1605.03661	arxiv:1605.03661	173ftiSzF
tag:Deming2016_genetic	arxiv:1605.07156	arxiv:1605.07156	SAvEOARL
arxiv:1605.07723	arxiv:1605.07723	arxiv:1605.07723	5Il3kN32
tag:Sun2016_ensemble	arxiv:1606.00575	arxiv:1606.00575	JUF9VoRD
arxiv:1606.00931	arxiv:1606.00931	arxiv:1606.00931	1FE0F2pQ
tag:Katzman2016_deepsurv	arxiv:1606.00931	arxiv:1606.00931	1FE0F2pQ
tag:Che2016_rnn	arxiv:1606.01865	arxiv:1606.01865	O7Vbecm2
tag:Lipton2016_missing	arxiv:1606.04130	arxiv:1606.04130	4zpZxjHR
tag:Lei2016_rationalizing	arxiv:1606.04155	arxiv:1606.04155	ZUCVI5eU
arxiv:1606.05718	arxiv:1606.05718	arxiv:1606.05718	mbEp6jNr
tag:Wang2016_breast_cancer	arxiv:1606.05718	arxiv:1606.05718	mbEp6jNr
tag:ai_safety	arxiv:1606.06565	arxiv:1606.06565	InL72p4N
tag:Strobelt2016_visual	arxiv:1606.07461	arxiv:1606.07461	1Ad3UOefc
tag:Kearnes2016_admet	arxiv:1606.08793	arxiv:1606.08793	uP7SgBVd
arxiv:1606.08813v3	arxiv:1606.08813v3	arxiv:1606.08813v3	7yE9K08a
tag:Singh2016_deepchrome	arxiv:1607.02078	arxiv:1607.02078	G10wkFHt
arxiv:1607.07519	arxiv:1607.07519	arxiv:1607.07519	Ohd1Q9Xw
arxiv:1608.00647	arxiv:1608.00647	arxiv:1608.00647	c6MfDdWP
arxiv:1608.02158	arxiv:1608.02158	arxiv:1608.02158	qXdO2aMm
tag:Ranganath2016_deep	arxiv:1608.02158	arxiv:1608.02158	qXdO2aMm
tag:Lanchantin2016_motif	arxiv:1608.03644	arxiv:1608.03644	Dwi2eAvT
tag:Choi2016_retain	arxiv:1608.05745	arxiv:1608.05745	UcRbawKo
tag:Lin2017_why_dl_works	arxiv:1608.08225v3	arxiv:1608.08225v3	bBG5t78u
arxiv:1609.02943	arxiv:1609.02943	arxiv:1609.02943	ULSPV0rh
tag:Hubara2016_qnn	arxiv:1609.07061	arxiv:1609.07061	1GUizyE8e
arxiv:1609.08144	arxiv:1609.08144	arxiv:1609.08144	4TK06zOf
tag:out_dist_baseline	arxiv:1610.02136	arxiv:1610.02136	Tkobp7Qj
tag:Chollet2016_xception	arxiv:1610.02357	arxiv:1610.02357	VMkPJjVk
tag:Selvaraju2016_grad	arxiv:1610.02391	arxiv:1610.02391	RZsNSRDS
arxiv:1610.02413	arxiv:1610.02413	arxiv:1610.02413	1ENxzq6pT
tag:Gomezb2016_automatic	arxiv:1610.02415v1	arxiv:1610.02415v1	qpmV0H2p
tag:Codella2016_ensemble_melanoma	arxiv:1610.04662	arxiv:1610.04662	sLPsrfbl
arxiv:1610.05256	arxiv:1610.05256	arxiv:1610.05256	M2OLWojE
arxiv:1610.05820	arxiv:1610.05820	arxiv:1610.05820	1HbRTExaU
arxiv:1610.09559	arxiv:1610.09559	arxiv:1610.09559	11aqfNfQx
tag:mcclure_bayesian	arxiv:1611.01639	arxiv:1611.01639	ZhgOMnnD
arxiv:1611.02796	arxiv:1611.02796	arxiv:1611.02796	lERqKdZJ
tag:Zhang2017_generalization	arxiv:1611.03530v2	arxiv:1611.03530v2	D2B03NVK
arxiv:1611.03814	arxiv:1611.03814	arxiv:1611.03814	AsLAb71x
tag:Choi2016_gram	arxiv:1611.07012	arxiv:1611.07012	10nDTiETi
tag:Kindermans2016_investigating	arxiv:1611.07270	arxiv:1611.07270	b1sc0cgP
tag:Lundberg2016_an	arxiv:1611.07478	arxiv:1611.07478	DeOI1oGf
arxiv:1611.08373	arxiv:1611.08373	arxiv:1611.08373	dO844vZn
tag:uncertainty_ensembles	arxiv:1612.01474	arxiv:1612.01474	Jy2oz6xk
tag:Ragoza2016_protein	arxiv:1612.02751	arxiv:1612.02751	bNBiIiTt
tag:Segler2017_drug_design	arxiv:1701.01329	arxiv:1701.01329	8LWFFeYg
tag:Murdoch2017_automatic	arxiv:1702.02540	arxiv:1702.02540	10ViHstXn
tag:Zintgraf2017_visualizing	arxiv:1702.04595	arxiv:1702.04595	Kk20paR7
tag:Sundararajan2017_axiomatic	arxiv:1703.01365	arxiv:1703.01365	WzFOJBiA
arxiv:1703.01925	arxiv:1703.01925	arxiv:1703.01925	AQ3N6Ayw
arxiv:1703.02136	arxiv:1703.02136	arxiv:1703.02136	wKioubsT
tag:Koh2017_understanding	arxiv:1703.04730	arxiv:1703.04730	69wxD9y
tag:uncertainty_types	arxiv:1703.04977	arxiv:1703.04977	1GDnudDWl
arxiv:1703.06490v1	arxiv:1703.06490v1	arxiv:1703.06490v1	xl1ijigK
arxiv:1703.10603	arxiv:1703.10603	arxiv:1703.10603	17YaKNLKk
arxiv:1704.01155	arxiv:1704.01155	arxiv:1704.01155	18lZK7fxH
tag:Kahng2017_activis	arxiv:1704.01942	arxiv:1704.01942	QphVo2P2
tag:Shrikumar2017_learning	arxiv:1704.02685	arxiv:1704.02685	zhmq9ktJ
arxiv:1704.04760	arxiv:1704.04760	arxiv:1704.04760	ULagTifF
arxiv:1704.07207	arxiv:1704.07207	arxiv:1704.07207	39RPiE10
tag:Olivecrona2017_drug_design	arxiv:1704.07555	arxiv:1704.07555	1EayJRsI
tag:Johnson2017_integ_cell	arxiv:1705.00092	arxiv:1705.00092	71c6rs2z
arxiv:1705.02315	arxiv:1705.02315	arxiv:1705.02315	PGi9g7yV
arxiv:1705.03261	arxiv:1705.03261	arxiv:1705.03261	M6JCKCLX
tag:uncertainty_multi_task	arxiv:1705.07115	arxiv:1705.07115	WZjlu7tr
tag:strong_adversary	arxiv:1705.07263	arxiv:1705.07263	b5zIzCEO
arxiv:1705.09516	arxiv:1705.09516	arxiv:1705.09516	z8hmfrmY
arxiv:1705.10843	arxiv:1705.10843	arxiv:1705.10843	Fv8gNFoR
arxiv:1706.00125	arxiv:1706.00125	arxiv:1706.00125	6Nw5JrLI
arxiv:1706.01556v2	arxiv:1706.01556v2	arxiv:1706.01556v2	TNHJioqT
arxiv:1706.02216v2	arxiv:1706.02216v2	arxiv:1706.02216v2	MwUPw4CD
arxiv:1706.02633v1	arxiv:1706.02633v1	arxiv:1706.02633v1	1988BRJe3
tag:temp_out_dist	arxiv:1706.02690	arxiv:1706.02690	vJxaHm0b
tag:guo_calibration	arxiv:1706.04599	arxiv:1706.04599	QJ6hYH8N
arxiv:1706.06689	arxiv:1706.06689	arxiv:1706.06689	PMuw2Jdj
tag:ghahramani_protect	arxiv:1707.02476	arxiv:1707.02476	P9vKrhYz
tag:Singh2017_attentivechrome	arxiv:1708.00339	arxiv:1708.00339	16MNknNBL
tag:Osokin2017_biogan	arxiv:1708.04692	arxiv:1708.04692	zBCcUQOM
arxiv:1709.02082	arxiv:1709.02082	arxiv:1709.02082	RHqbJgpe
tag:bayesian_hypernets	arxiv:1710.04759	arxiv:1710.04759	emWW7yUp
arxiv:1710.10568v1	arxiv:1710.10568v1	arxiv:1710.10568v1	FMsqNIQ4
tag:WayGreene2017_eval	arxiv:1711.04828	arxiv:1711.04828	rMz1OFc6
arxiv:1712.05898	arxiv:1712.05898	arxiv:1712.05898	gYxBO26g
arxiv:1801.02144	arxiv:1801.02144	arxiv:1801.02144	nMXQBadV
tag:Kalinin2018_pgx	arxiv:1801.08570	arxiv:1801.08570	brPjEjYw
arxiv:1802.04364	arxiv:1802.04364	arxiv:1802.04364	oHwTyvq
arxiv:1806.02473	arxiv:1806.02473	arxiv:1806.02473	P88nl7sq
tag:Chatterjee2018	arxiv:1807.09617	arxiv:1807.09617	GLXmFOus
arxiv:1808.01359	arxiv:1808.01359	arxiv:1808.01359	1CvlEI6Kb
tag:Khwaja2018	arxiv:1810.01243	arxiv:1810.01243	EXGRa0DD
doi:10.1001/jama.2016.17216	doi:10.1001/jama.2016.17216	doi:10.1001/jama.2016.17216	1mJW6umJ
tag:Gulshan2016_dt	doi:10.1001/jama.2016.17216	doi:10.1001/jama.2016.17216	1mJW6umJ
doi:10.1002/9783527628766	doi:10.1002/9783527628766	doi:10.1002/9783527628766	17eGl2pn9
doi:10.1002/cyto.a.22909	doi:10.1002/cyto.a.22909	doi:10.1002/cyto.a.22909	m3Ij21U8
doi:10.1002/jcc.24764	doi:10.1002/jcc.24764	doi:10.1002/jcc.24764	zCt6PUXj
doi:10.1002/minf.201501008	doi:10.1002/minf.201501008	doi:10.1002/minf.201501008	gJE0ExFr
tag:Yasushi2016_cgbvs_dnn	doi:10.1002/minf.201600045	doi:10.1002/minf.201600045	x0M6vals
doi:10.1002/wcms.1104	doi:10.1002/wcms.1104	doi:10.1002/wcms.1104	WeiyYhfy
doi:10.1002/wcms.49	doi:10.1002/wcms.49	doi:10.1002/wcms.49	kJ4hy7E
doi:10.1006/jmbi.1999.3091	doi:10.1006/jmbi.1999.3091	doi:10.1006/jmbi.1999.3091	Aic7UyXM
doi:10.1007/978-3-319-16706-0_20	doi:10.1007/978-3-319-16706-0_20	doi:10.1007/978-3-319-16706-0_20	17B2QAA1k
tag:Sonderby	doi:10.1007/978-3-319-21233-3_6	doi:10.1007/978-3-319-21233-3_6	zYUI7tc1
tag:Dhungel2015_struct_pred_mamm	doi:10.1007/978-3-319-24553-9_74	doi:10.1007/978-3-319-24553-9_74	VFw1VXDP
doi:10.1007/978-3-319-24574-4_28	doi:10.1007/978-3-319-24574-4_28	doi:10.1007/978-3-319-24574-4_28	TutLhFSz
tag:PerezSianes2016_screening	doi:10.1007/978-3-319-40126-3_2	doi:10.1007/978-3-319-40126-3_2	1DTUK3YyI
doi:10.1007/978-3-319-44839-8	doi:10.1007/978-3-319-44839-8	doi:10.1007/978-3-319-44839-8	1CWhXZxos
doi:10.1007/978-3-319-46227-1_1	doi:10.1007/978-3-319-46227-1_1	doi:10.1007/978-3-319-46227-1_1	pNoAbBEu
tag:Mahendran2016_salient	doi:10.1007/978-3-319-46466-4_8	doi:10.1007/978-3-319-46466-4_8	vjXoJqO3
tag:Dhungel2016_mamm	doi:10.1007/978-3-319-46723-8_13	doi:10.1007/978-3-319-46723-8_13	JK8NuXy3
tag:Nie2016_3d_survival	doi:10.1007/978-3-319-46723-8_25	doi:10.1007/978-3-319-46723-8_25	18EpaZ7QB
tag:Yoon2016_cancer_reports	doi:10.1007/978-3-319-47898-2_21	doi:10.1007/978-3-319-47898-2_21	yUgE09ve
doi:10.1007/978-3-642-40763-5_51	doi:10.1007/978-3-642-40763-5_51	doi:10.1007/978-3-642-40763-5_51	koEdZRcY
tag:Ciresan2013_mitosis	doi:10.1007/978-3-642-40763-5_51	doi:10.1007/978-3-642-40763-5_51	koEdZRcY
doi:10.1007/BF02478259	doi:10.1007/BF02478259	doi:10.1007/bf02478259	1HVDhhwpK
doi:10.1007/s00251-008-0341-z	doi:10.1007/s00251-008-0341-z	doi:10.1007/s00251-008-0341-z	QxZTL7xX
doi:10.1007/s10278-016-9914-9	doi:10.1007/s10278-016-9914-9	doi:10.1007/s10278-016-9914-9	x6HXFAS4
tag:Rajkomar2017_radiographs	doi:10.1007/s10278-016-9914-9	doi:10.1007/s10278-016-9914-9	x6HXFAS4
tag:Korfiatis2017	doi:10.1007/s10278-017-0009-z	doi:10.1007/s10278-017-0009-z	54x3LbFb
doi:10.1007/s10822-008-9170-2	doi:10.1007/s10822-008-9170-2	doi:10.1007/s10822-008-9170-2	bbJMoSfn
tag:Kearnes2016_graph_conv	doi:10.1007/s10822-016-9938-8	doi:10.1007/s10822-016-9938-8	145os4Y6t
doi:10.1007/s11263-015-0816-y	doi:10.1007/s11263-015-0816-y	doi:10.1007/s11263-015-0816-y	cBVeXnZx
tag:Russakovsky2015_imagenet	doi:10.1007/s11263-015-0816-y	doi:10.1007/s11263-015-0816-y	cBVeXnZx
tag:Mahendran2016_visualizing	doi:10.1007/s11263-016-0911-8	doi:10.1007/s11263-016-0911-8	1FkT6C6oa
tag:Jafari2016_skin_lesions	doi:10.1007/s11548-017-1567-8	doi:10.1007/s11548-017-1567-8	18f8olBNy
doi:10.1016/j.bjid.2015.08.013	doi:10.1016/j.bjid.2015.08.013	doi:10.1016/j.bjid.2015.08.013	oas5tbC7
doi:10.1016/j.cell.2015.03.049	doi:10.1016/j.cell.2015.03.049	doi:10.1016/j.cell.2015.03.049	bSYQrdJA
doi:10.1016/j.cell.2015.03.050	doi:10.1016/j.cell.2015.03.050	doi:10.1016/j.cell.2015.03.050	Ud5iHvkw
tag:Rosenberg2015_synthetic_seqs	doi:10.1016/j.cell.2015.09.054	doi:10.1016/j.cell.2015.09.054	mlqKTlZY
tag:Gaublomme2015_th17	doi:10.1016/j.cell.2015.11.009	doi:10.1016/j.cell.2015.11.009	1HPu3R2B4
doi:10.1016/j.cels.2016.04.013	doi:10.1016/j.cels.2016.04.013	doi:10.1016/j.cels.2016.04.013	6XtEfQMC
doi:10.1016/j.conb.2010.07.004	doi:10.1016/j.conb.2010.07.004	doi:10.1016/j.conb.2010.07.004	1bJ0G7FE
doi:10.1016/j.copbio.2016.04.003	doi:10.1016/j.copbio.2016.04.003	doi:10.1016/j.copbio.2016.04.003	hkKO4QYl
doi:10.1016/j.drudis.2006.06.016	doi:10.1016/j.drudis.2006.06.016	doi:10.1016/j.drudis.2006.06.016	1D6emOV6q
doi:10.1016/j.ijmedinf.2016.09.014	doi:10.1016/j.ijmedinf.2016.09.014	doi:10.1016/j.ijmedinf.2016.09.014	1Ar4f4vfR
tag:Ithapu2015_efficient	doi:10.1016/j.jalz.2015.01.010	doi:10.1016/j.jalz.2015.01.010	eehGXQlY
doi:10.1016/j.jbi.2007.11.008	doi:10.1016/j.jbi.2007.11.008	doi:10.1016/j.jbi.2007.11.008	xEQI6dXW
doi:10.1016/j.jbi.2014.03.016	doi:10.1016/j.jbi.2014.03.016	doi:10.1016/j.jbi.2014.03.016	1C97CTU9S
doi:10.1016/j.jbi.2014.10.006	doi:10.1016/j.jbi.2014.10.006	doi:10.1016/j.jbi.2014.10.006	13filvWwr
doi:10.1016/j.jbi.2016.10.007	doi:10.1016/j.jbi.2016.10.007	doi:10.1016/j.jbi.2016.10.007	5x3uMSKi
tag:BeaulieuJones2016_ehr_encode	doi:10.1016/j.jbi.2016.10.007	doi:10.1016/j.jbi.2016.10.007	5x3uMSKi
doi:10.1016/j.jhealeco.2016.01.012	doi:10.1016/j.jhealeco.2016.01.012	doi:10.1016/j.jhealeco.2016.01.012	13c9OPizf
doi:10.1016/j.jsb.2006.04.006	doi:10.1016/j.jsb.2006.04.006	doi:10.1016/j.jsb.2006.04.006	6W1hknHI
doi:10.1016/j.jsb.2014.11.010	doi:10.1016/j.jsb.2014.11.010	doi:10.1016/j.jsb.2014.11.010	HpxWaOv3
doi:10.1016/j.jsb.2016.07.006	doi:10.1016/j.jsb.2016.07.006	doi:10.1016/j.jsb.2016.07.006	ku0xqQxt
tag:Kooi2016_mamm_lesions	doi:10.1016/j.media.2016.07.007	doi:10.1016/j.media.2016.07.007	18cZbigDD
tag:Dhungel2017_mamm_min_interv	doi:10.1016/j.media.2017.01.009	doi:10.1016/j.media.2017.01.009	5kfDbGhA
tag:Litjens2017_medimage_survey	doi:10.1016/j.media.2017.07.005	doi:10.1016/j.media.2017.07.005	1FkYUUryG
doi:10.1016/j.neubiorev.2010.07.002	doi:10.1016/j.neubiorev.2010.07.002	doi:10.1016/j.neubiorev.2010.07.002	sOBzMC57
tag:Lisboa2006_review	doi:10.1016/j.neunet.2005.10.007	doi:10.1016/j.neunet.2005.10.007	qxxwkSAT
tag:Schmidhuber2014_dnn_overview	doi:10.1016/j.neunet.2014.09.003	doi:10.1016/j.neunet.2014.09.003	BQS8ClV0
doi:10.1016/j.neuron.2017.06.011	doi:10.1016/j.neuron.2017.06.011	doi:10.1016/j.neuron.2017.06.011	Oc2wJ1JO
tag:Pratt2016_dr	doi:10.1016/j.procs.2016.07.014	doi:10.1016/j.procs.2016.07.014	ayTsooEM
tag:Nazor2012	doi:10.1016/j.stem.2012.02.013	doi:10.1016/j.stem.2012.02.013	ngGW3W1c
doi:10.1016/j.tibs.2014.07.002	doi:10.1016/j.tibs.2014.07.002	doi:10.1016/j.tibs.2014.07.002	15c9V9Hm1
doi:10.1016/j.tig.2015.05.007	doi:10.1016/j.tig.2015.05.007	doi:10.1016/j.tig.2015.05.007	J0PJHcHK
doi:10.1016/j.ymeth.2016.06.001	doi:10.1016/j.ymeth.2016.06.001	doi:10.1016/j.ymeth.2016.06.001	2Ftmbvt4
tag:matis	doi:10.1016/S0097-8485(96)80015-5	doi:10.1016/s0097-8485(96)80015-5	3Ew5V1iC
tag:Mahmood	doi:10.1016/S0140-6736(13)61752-3	doi:10.1016/s0140-6736(13)61752-3	N96QKgly
tag:Xiang	doi:10.1016/S0167-9473(99)00098-5	doi:10.1016/s0167-9473(99)00098-5	1921Mctzh
tag:Serden	doi:10.1016/S0168-8510(02)00208-7	doi:10.1016/s0168-8510(02)00208-7	7BctyA7f
tag:Tu1996_anns	doi:10.1016/S0895-4356(96)00002-9	doi:10.1016/s0895-4356(96)00002-9	kL0B4m9d
doi:10.1021/acs.jcim.0c00174	doi:10.1021/acs.jcim.0c00174	doi:10.1021/acs.jcim.0c00174	44aSF4s2
tag:Subramanian2016_bace1	doi:10.1021/acs.jcim.6b00290	doi:10.1021/acs.jcim.6b00290	B4cL1o2P
tag:Pereira2016_docking	doi:10.1021/acs.jcim.6b00355	doi:10.1021/acs.jcim.6b00355	Gue0c5Gb
doi:10.1021/acs.jcim.6b00601	doi:10.1021/acs.jcim.6b00601	doi:10.1021/acs.jcim.6b00601	UKHPpRBn
doi:10.1021/acs.jcim.7b00028	doi:10.1021/acs.jcim.7b00028	doi:10.1021/acs.jcim.7b00028	rVgq22nD
doi:10.1021/acs.jcim.7b00146	doi:10.1021/acs.jcim.7b00146	doi:10.1021/acs.jcim.7b00146	wzHEnMZe
doi:10.1021/acs.jcim.7b00616	doi:10.1021/acs.jcim.7b00616	doi:10.1021/acs.jcim.7b00616	5GEmrHBd
doi:10.1021/acs.jcim.8b00839	doi:10.1021/acs.jcim.8b00839	doi:10.1021/acs.jcim.8b00839	19MYPreRo
doi:10.1021/acs.jmedchem.5b01849	doi:10.1021/acs.jmedchem.5b01849	doi:10.1021/acs.jmedchem.5b01849	omzv9ryI
doi:10.1021/acs.jproteome.6b00618	doi:10.1021/acs.jproteome.6b00618	doi:10.1021/acs.jproteome.6b00618	oTF8O79C
doi:10.1021/acs.molpharmaceut.5b00982	doi:10.1021/acs.molpharmaceut.5b00982	doi:10.1021/acs.molpharmaceut.5b00982	1VZjheOA
doi:10.1021/acs.molpharmaceut.6b00248	doi:10.1021/acs.molpharmaceut.6b00248	doi:10.1021/acs.molpharmaceut.6b00248	EMDwvRGb
tag:Hughes2016_macromol_react	doi:10.1021/acscentsci.6b00162	doi:10.1021/acscentsci.6b00162	1BARarxfz
tag:AltaeTran2016_one_shot	doi:10.1021/acscentsci.6b00367	doi:10.1021/acscentsci.6b00367	P4ixsM8i
doi:10.1021/acscentsci.7b00405	doi:10.1021/acscentsci.7b00405	doi:10.1021/acscentsci.7b00405	dVi4xCKj
tag:Sumita2018	doi:10.1021/acscentsci.8b00213	doi:10.1021/acscentsci.8b00213	VNx2fWr7
doi:10.1021/acsmedchemlett.0c00088	doi:10.1021/acsmedchemlett.0c00088	doi:10.1021/acsmedchemlett.0c00088	9iPKk1T
tag:Rogers2010_fingerprints	doi:10.1021/ci100050t	doi:10.1021/ci100050t	QnZ7V9Rd
tag:Lusci2013_rnn	doi:10.1021/ci400187y	doi:10.1021/ci400187y	17Wih4Hd5
doi:10.1021/ci400518g	doi:10.1021/ci400518g	doi:10.1021/ci400518g	7QsMcDYy
doi:10.1021/ci500340n	doi:10.1021/ci500340n	doi:10.1021/ci500340n	16FEYidu2
tag:Ma2015_qsar_merck	doi:10.1021/ci500747n	doi:10.1021/ci500747n	xOaTIeBY
tag:Swamidass2009_irv	doi:10.1021/ci8004379	doi:10.1021/ci8004379	cjj5vT3H
doi:10.1021/jm048957q	doi:10.1021/jm048957q	doi:10.1021/jm048957q	YO41GAOP
doi:10.1037/h0037350	doi:10.1037/h0037350	doi:10.1037/h0037350	cpNVdlL7
doi:10.1038/484155a	doi:10.1038/484155a	doi:10.1038/484155a	1FjSxrV1k
tag:Wilhelm-Benartzi2013	doi:10.1038/bjc.2013.496	doi:10.1038/bjc.2013.496	15Yz3j9AA
doi:10.1038/msb4100129	doi:10.1038/msb4100129	doi:10.1038/msb4100129	8CiDACi3
tag:Meissner2008	doi:10.1038/nature07107	doi:10.1038/nature07107	GHUxzaAg
tag:Barash2010_splicing_code	doi:10.1038/nature09000	doi:10.1038/nature09000	11ETDdRKr
tag:Consortium2012_encode	doi:10.1038/nature11247	doi:10.1038/nature11247	15J98V2qM
doi:10.1038/nature14539	doi:10.1038/nature14539	doi:10.1038/nature14539	BeijBSRE
tag:Silver2016_alphago	doi:10.1038/nature16961	doi:10.1038/nature16961	2gn6PKkv
doi:10.1038/nature21056	doi:10.1038/nature21056	doi:10.1038/nature21056	XnYNYoYB
tag:Esteva2017_skin_cancer_nature	doi:10.1038/nature21056	doi:10.1038/nature21056	XnYNYoYB
doi:10.1038/nbt.2486	doi:10.1038/nbt.2486	doi:10.1038/nbt.2486	fv4f2GgS
tag:Liu2013	doi:10.1038/nbt.2487	doi:10.1038/nbt.2487	1Bv07XXcO
tag:Alipanahi2015_predicting	doi:10.1038/nbt.3300	doi:10.1038/nbt.3300	jJHZHWrl
doi:10.1038/nbt.3313	doi:10.1038/nbt.3313	doi:10.1038/nbt.3313	yXqhuueV
doi:10.1038/nbt.3780	doi:10.1038/nbt.3780	doi:10.1038/nbt.3780	Qh7xTLwz
tag:Schatz2010_dna_cloud	doi:10.1038/nbt0710-691	doi:10.1038/nbt0710-691	B6g0qKf4
doi:10.1038/ncomms10001	doi:10.1038/ncomms10001	doi:10.1038/ncomms10001	1EmZZiCuL
doi:10.1038/ncomms13090	doi:10.1038/ncomms13090	doi:10.1038/ncomms13090	8SMDF816
doi:10.1038/ncomms5022	doi:10.1038/ncomms5022	doi:10.1038/ncomms5022	ogs3PPp7
doi:10.1038/ncomms5308	doi:10.1038/ncomms5308	doi:10.1038/ncomms5308	TDruxF1s
doi:10.1038/ng.2764	doi:10.1038/ng.2764	doi:10.1038/ng.2764	AK17eOgD
doi:10.1038/ng.2892	doi:10.1038/ng.2892	doi:10.1038/ng.2892	KxEzGxJ6
doi:10.1038/ng.3830	doi:10.1038/ng.3830	doi:10.1038/ng.3830	194IoYUs3
doi:10.1038/ng.806	doi:10.1038/ng.806	doi:10.1038/ng.806	NCr4QkOg
tag:Metaphlan	doi:10.1038/nmeth.2066	doi:10.1038/nmeth.2066	56wEWVIl
tag:Zhou2015_deep_sea	doi:10.1038/nmeth.3547	doi:10.1038/nmeth.3547	2UI1BZuD
doi:10.1038/nmeth.3772	doi:10.1038/nmeth.3772	doi:10.1038/nmeth.3772	rOo5pTPS
doi:10.1038/nmeth.3945	doi:10.1038/nmeth.3945	doi:10.1038/nmeth.3945	JmHFuXEM
doi:10.1038/nmeth.4182	doi:10.1038/nmeth.4182	doi:10.1038/nmeth.4182	On4vW5aU
tag:Buggenthin2017_imaged_lineage	doi:10.1038/nmeth.4182	doi:10.1038/nmeth.4182	On4vW5aU
tag:McHardy	doi:10.1038/nmeth976	doi:10.1038/nmeth976	QV551Nlx
doi:10.1038/nn.4244	doi:10.1038/nn.4244	doi:10.1038/nn.4244	EGwetrwp
doi:10.1038/npjsba.2016.15	doi:10.1038/npjsba.2016.15	doi:10.1038/npjsba.2016.15	cQAldRdg
doi:10.1038/nrd1086	doi:10.1038/nrd1086	doi:10.1038/nrd1086	RAadmvJN
doi:10.1038/nrd4609	doi:10.1038/nrd4609	doi:10.1038/nrd4609	79Ktl2
tag:Gawad2016_singlecell	doi:10.1038/nrg.2015.16	doi:10.1038/nrg.2015.16	1AWC7HsO0
tag:Scotti2016_missplicing	doi:10.1038/nrg.2015.3	doi:10.1038/nrg.2015.3	QFK6GapR
tag:Bracken2016_mirna	doi:10.1038/nrg.2016.134	doi:10.1038/nrg.2016.134	yVKIhIAf
tag:Robertson2005	doi:10.1038/nrg1655	doi:10.1038/nrg1655	CVPBvIV3
tag:Laird2010	doi:10.1038/nrg2732	doi:10.1038/nrg2732	ypI0fkMc
doi:10.1038/nrg2813	doi:10.1038/nrg2813	doi:10.1038/nrg2813	T3GG8iJN
tag:Berezikov2011_mirna	doi:10.1038/nrg3079	doi:10.1038/nrg3079	8lpCCppx
doi:10.1038/nrg3208	doi:10.1038/nrg3208	doi:10.1038/nrg3208	FkSZ1qmz
doi:10.1038/nrg3458	doi:10.1038/nrg3458	doi:10.1038/nrg3458	8yA3foA6
tag:Vamathevan2019	doi:10.1038/s41573-019-0024-5	doi:10.1038/s41573-019-0024-5	6kP06lHp
tag:Zhavoronkov2019_drugs	doi:10.1038/s41587-019-0224-x	doi:10.1038/s41587-019-0224-x	zrYrsMSJ
doi:10.1038/s41587-020-0418-2	doi:10.1038/s41587-020-0418-2	doi:10.1038/s41587-020-0418-2	ABd74wkV
tag:retinopathy_uncertainty	doi:10.1038/s41598-017-17876-z	doi:10.1038/s41598-017-17876-z	12PvceitW
doi:10.1038/s41598-019-47148-x	doi:10.1038/s41598-019-47148-x	doi:10.1038/s41598-019-47148-x	WygOgk00
doi:10.1038/srep11476	doi:10.1038/srep11476	doi:10.1038/srep11476	UpFrhdJf
doi:10.1038/srep18962	doi:10.1038/srep18962	doi:10.1038/srep18962	UO8L6nd
tag:Wang2016_methyl	doi:10.1038/srep19598	doi:10.1038/srep19598	1AfEMOdlu
doi:10.1038/srep26094	doi:10.1038/srep26094	doi:10.1038/srep26094	WrNCJ9sO
tag:Litjens2016_histopath_survey	doi:10.1038/srep26286	doi:10.1038/srep26286	dQCjqq0Q
doi:10.1038/srep32404	doi:10.1038/srep32404	doi:10.1038/srep32404	1G2xP5yOM
doi:10.1039/C7MB00188F	doi:10.1039/C7MB00188F	doi:10.1039/c7mb00188f	T2lbgFlY
tag:Wu2017_molecule_net	doi:10.1039/C7SC02664A	doi:10.1039/c7sc02664a	11QhcW8tX
doi:10.1039/C8SC05372C	doi:10.1039/C8SC05372C	doi:10.1039/c8sc05372c	13iUaiupn
tag:Elton_molecular_design_review	doi:10.1039/C9ME00039A	doi:10.1039/c9me00039a	9ypc3yRA
tag:Wasson1985_clinical	doi:10.1056/NEJM198509263131306	doi:10.1056/nejm198509263131306	xX68eyvs
doi:10.1056/NEJMe1516564	doi:10.1056/NEJMe1516564	doi:10.1056/nejme1516564	o0F1MXBC
doi:10.1056/NEJMp1006304	doi:10.1056/NEJMp1006304	doi:10.1056/nejmp1006304	VOQtVhWs
tag:Feinberg2018	doi:10.1056/NEJMra1402513	doi:10.1056/nejmra1402513	kwOioB4i
tag:Fraga2005	doi:10.1073/pnas.0500398102	doi:10.1073/pnas.0500398102	mJjfXdG7
doi:10.1073/pnas.0805923106	doi:10.1073/pnas.0805923106	doi:10.1073/pnas.0805923106	kboAopkh
tag:Horvath2014	doi:10.1073/pnas.1412759111	doi:10.1073/pnas.1412759111	FVTmPo4j
doi:10.1073/pnas.2136655100	doi:10.1073/pnas.2136655100	doi:10.1073/pnas.2136655100	9XBPQ8b
tag:Baskin2015_drug_disc	doi:10.1080/17460441.2016.1201262	doi:10.1080/17460441.2016.1201262	xPkT1z7D
doi:10.1083/jcb.201610026	doi:10.1083/jcb.201610026	doi:10.1083/jcb.201610026	McjXFLLq
doi:10.1086/512821	doi:10.1086/512821	doi:10.1086/512821	10shRODux
doi:10.1093/bib/4.1.22	doi:10.1093/bib/4.1.22	doi:10.1093/bib/4.1.22	19jjiGHWc
doi:10.1093/bib/bbv020	doi:10.1093/bib/bbv020	doi:10.1093/bib/bbv020	gTwjIQqB
doi:10.1093/bib/bbw068	doi:10.1093/bib/bbw068	doi:10.1093/bib/bbw068	G00xvi94
doi:10.1093/bib/bbw110	doi:10.1093/bib/bbw110	doi:10.1093/bib/bbw110	ir7ElHha
doi:10.1093/bib/bbw112	doi:10.1093/bib/bbw112	doi:10.1093/bib/bbw112	1BkEtNVsj
doi:10.1093/bib/bbx044	doi:10.1093/bib/bbx044	doi:10.1093/bib/bbx044	11I7bLcP3
tag:Stormo2000_dna	doi:10.1093/bioinformatics/16.1.16	doi:10.1093/bioinformatics/16.1.16	ywDQIvZJ
tag:Hochreiter	doi:10.1093/bioinformatics/btm247	doi:10.1093/bioinformatics/btm247	G8RKF6sz
doi:10.1093/bioinformatics/btp602	doi:10.1093/bioinformatics/btp602	doi:10.1093/bioinformatics/btp602	X909h5sz
tag:nbc	doi:10.1093/bioinformatics/btq619	doi:10.1093/bioinformatics/btq619	1HtJuEkb2
tag:Xiong2011_bayesian	doi:10.1093/bioinformatics/btr444	doi:10.1093/bioinformatics/btr444	8VPGUHcf
doi:10.1093/bioinformatics/bts475	doi:10.1093/bioinformatics/bts475	doi:10.1093/bioinformatics/bts475	xdoT1yUx
doi:10.1093/bioinformatics/bts598	doi:10.1093/bioinformatics/bts598	doi:10.1093/bioinformatics/bts598	18bNbDNlc
doi:10.1093/bioinformatics/btt156	doi:10.1093/bioinformatics/btt156	doi:10.1093/bioinformatics/btt156	19G2RXgfp
doi:10.1093/bioinformatics/btt234	doi:10.1093/bioinformatics/btt234	doi:10.1093/bioinformatics/btt234	1AU7wzPqa
tag:lmat	doi:10.1093/bioinformatics/btt389	doi:10.1093/bioinformatics/btt389	189TQrQA9
doi:10.1093/bioinformatics/btt474	doi:10.1093/bioinformatics/btt474	doi:10.1093/bioinformatics/btt474	vtuZ3Wx7
doi:10.1093/bioinformatics/btu703	doi:10.1093/bioinformatics/btu703	doi:10.1093/bioinformatics/btu703	15E5yG1Ho
doi:10.1093/bioinformatics/btu791	doi:10.1093/bioinformatics/btu791	doi:10.1093/bioinformatics/btu791	7atXz0r
tag:Chen2015_trans_species	doi:10.1093/bioinformatics/btv315	doi:10.1093/bioinformatics/btv315	rmjDc5rm
doi:10.1093/bioinformatics/btv371	doi:10.1093/bioinformatics/btv371	doi:10.1093/bioinformatics/btv371	FRl0MTLd
doi:10.1093/bioinformatics/btv472	doi:10.1093/bioinformatics/btv472	doi:10.1093/bioinformatics/btv472	kqjqFesT
doi:10.1093/bioinformatics/btv639	doi:10.1093/bioinformatics/btv639	doi:10.1093/bioinformatics/btv639	EKi3Bq3D
tag:Vervier	doi:10.1093/bioinformatics/btv683	doi:10.1093/bioinformatics/btv683	8DLzxOEt
tag:Chen2016_gene_expr	doi:10.1093/bioinformatics/btw074	doi:10.1093/bioinformatics/btw074	12QQw9p7v
tag:Zeng2016_convolutional	doi:10.1093/bioinformatics/btw255	doi:10.1093/bioinformatics/btw255	182UhQqzp
doi:10.1093/bioinformatics/btw343	doi:10.1093/bioinformatics/btw343	doi:10.1093/bioinformatics/btw343	11YUuHulp
doi:10.1093/bioinformatics/btw486	doi:10.1093/bioinformatics/btw486	doi:10.1093/bioinformatics/btw486	8NrcroGt
tag:Shaham2016_batch_effects	doi:10.1093/bioinformatics/btx196	doi:10.1093/bioinformatics/btx196	1ERrBiqG7
doi:10.1093/bioinformatics/btx264	doi:10.1093/bioinformatics/btx264	doi:10.1093/bioinformatics/btx264	12i8Apfdc
doi:10.1093/database/bax024	doi:10.1093/database/bax024	doi:10.1093/database/bax024	14afj7TT1
tag:Titus2017	doi:10.1093/hmg/ddx275	doi:10.1093/hmg/ddx275	hyg2tIyy
doi:10.1093/ije/dyn022	doi:10.1093/ije/dyn022	doi:10.1093/ije/dyn022	CVnO5njl
doi:10.1093/ije/dyu188	doi:10.1093/ije/dyu188	doi:10.1093/ije/dyu188	SfxIiPJ1
doi:10.1093/ije/dyv193	doi:10.1093/ije/dyv193	doi:10.1093/ije/dyv193	1D6b3tMu9
doi:10.1093/jamia/ocv111	doi:10.1093/jamia/ocv111	doi:10.1093/jamia/ocv111	2cYqPKf1
doi:10.1093/jamia/ocw011	doi:10.1093/jamia/ocw011	doi:10.1093/jamia/ocw011	A9JeoGV8
tag:Kresovich2019	doi:10.1093/jnci/djz020	doi:10.1093/jnci/djz020	W9dr5TsC
tag:Hoff	doi:10.1093/nar/gkp327	doi:10.1093/nar/gkp327	q1A2AEtO
doi:10.1093/nar/gkp335	doi:10.1093/nar/gkp335	doi:10.1093/nar/gkp335	dwj6qSn3
doi:10.1093/nar/gkq747	doi:10.1093/nar/gkq747	doi:10.1093/nar/gkq747	QlbXLqH
doi:10.1093/nar/gkr777	doi:10.1093/nar/gkr777	doi:10.1093/nar/gkr777	x1nE5icc
doi:10.1093/nar/gku1058	doi:10.1093/nar/gku1058	doi:10.1093/nar/gku1058	12aqvAgz6
doi:10.1093/nar/gkw226	doi:10.1093/nar/gkw226	doi:10.1093/nar/gkw226	iBdkksok
doi:10.1093/nar/gkx681	doi:10.1093/nar/gkx681	doi:10.1093/nar/gkx681	owp8L957
tag:Gupta2015_exprs_yeast	doi:10.1101/031906	doi:10.1101/031906	AnenJOuU
doi:10.1101/036129	doi:10.1101/036129	doi:10.1101/036129	s5sy4AOi
doi:10.1101/041616	doi:10.1101/041616	doi:10.1101/041616	1HbQQcY2q
tag:Arvaniti2016_rare_subsets	doi:10.1101/046508	doi:10.1101/046508	r3Gbjksq
tag:Koh2016_denoising	doi:10.1101/052118	doi:10.1101/052118	XimuXZlz
doi:10.1101/054775	doi:10.1101/054775	doi:10.1101/054775	1Hk3NTSn2
doi:10.1101/070441	doi:10.1101/070441	doi:10.1101/070441	11NHbWB1V
tag:Tan2016_eadage	doi:10.1101/078659	doi:10.1101/078659	zuLdSQx3
tag:Torracinta2016_sim	doi:10.1101/079087	doi:10.1101/079087	ECTm1SuA
doi:10.1101/081364	doi:10.1101/081364	doi:10.1101/081364	gllSeTW
tag:Eser2016_fiddle	doi:10.1101/081380	doi:10.1101/081380	yOz8Ybj2
tag:Leibig2016_dr	doi:10.1101/084210	doi:10.1101/084210	14Ovc5nPg
doi:10.1101/085118	doi:10.1101/085118	doi:10.1101/085118	BMg062hc
tag:Pawlowski2016	doi:10.1101/085118	doi:10.1101/085118	BMg062hc
doi:10.1101/085241	doi:10.1101/085241	doi:10.1101/085241	14TqLB9iZ
tag:Poplin2016_deepvariant	doi:10.1101/092890	doi:10.1101/092890	FVfZESYP
doi:10.1101/093534	doi:10.1101/093534	doi:10.1101/093534	jXjVdzvo
tag:Lee2016_emr_oct_amd	doi:10.1101/094276	doi:10.1101/094276	SxsZyrVM
tag:Artemov2016_clinical	doi:10.1101/095653	doi:10.1101/095653	mo3GQwJj
tag:Zhu2016_advers_mamm	doi:10.1101/095786	doi:10.1101/095786	Xxb4t3zO
doi:10.1101/095794	doi:10.1101/095794	doi:10.1101/095794	9G9Hv1Pp
tag:Zhu2016_mult_inst_mamm	doi:10.1101/095794	doi:10.1101/095794	9G9Hv1Pp
tag:Torracinta2016_deep_snp	doi:10.1101/097469	doi:10.1101/097469	GSLRw2L5
tag:Shrikumar2017_reversecomplement	doi:10.1101/103663	doi:10.1101/103663	iEmvzeT8
tag:Jha2017_integrative_models	doi:10.1101/104869	doi:10.1101/104869	N0HBi8MH
tag:Finnegan2017_maximum	doi:10.1101/105957	doi:10.1101/105957	VjsZbMSz
tag:Qiu2017_graph_embedding	doi:10.1101/110668	doi:10.1101/110668	Oljj2W96
tag:Chaudhary2017_multiom_liver_cancer	doi:10.1101/114892	doi:10.1101/114892	obeRVckH
doi:10.1101/125229	doi:10.1101/125229	doi:10.1101/125229	2M3zXijc
doi:10.1101/133504	doi:10.1101/133504	doi:10.1101/133504	Exe9wdYF
doi:10.1101/138685	doi:10.1101/138685	doi:10.1101/138685	1CAw3FaPI
doi:10.1101/146431	doi:10.1101/146431	doi:10.1101/146431	Zo0D80FN
tag:Quang2017_factor	doi:10.1101/151274	doi:10.1101/151274	BguHMHkG
doi:10.1101/152884	doi:10.1101/152884	doi:10.1101/152884	1E5vZzUF2
doi:10.1101/154757	doi:10.1101/154757	doi:10.1101/154757	1aswoG70
doi:10.1101/159756	doi:10.1101/159756	doi:10.1101/159756	fbIH12yd
doi:10.1101/174243	doi:10.1101/174243	doi:10.1101/174243	9ZNxZTxD
tag:WayGreene2017_tybalt	doi:10.1101/174474	doi:10.1101/174474	aWn0df1m
doi:10.1101/178624	doi:10.1101/178624	doi:10.1101/178624	yJxCo4h1
doi:10.1101/217257	doi:10.1101/217257	doi:10.1101/217257	1GOS0CRta
doi:10.1101/223339	doi:10.1101/223339	doi:10.1101/223339	dkPu3iv1
tag:Goldsborough2017_cytogan	doi:10.1101/227645	doi:10.1101/227645	1EdCkau6d
doi:10.1101/230011	doi:10.1101/230011	doi:10.1101/230011	pZqk9gDB
tag:Iglovikov2017_baa	doi:10.1101/234120	doi:10.1101/234120	jTh3Ds6m
tag:Rakhlin2018_histology	doi:10.1101/259911	doi:10.1101/259911	4L1QgpXP
doi:10.1101/265231	doi:10.1101/265231	doi:10.1101/265231	16s8GKCdZ
doi:10.1101/385534	doi:10.1101/385534	doi:10.1101/385534	5CsWRjfp
tag:Ni2018	doi:10.1101/385849	doi:10.1101/385849	17sl0Ti0w
tag:Qiu2018	doi:10.1101/406066	doi:10.1101/406066	WWSBQM3
doi:10.1101/433763	doi:10.1101/433763	doi:10.1101/433763	7pBVQEZ4
tag:Pan2018	doi:10.1101/438218	doi:10.1101/438218	GbgdMBjb
tag:Momeni2018	doi:10.1101/438341	doi:10.1101/438341	DSTA8ohX
tag:Levy-Jurgenson2018	doi:10.1101/491357	doi:10.1101/491357	1szm3mxk
tag:Peng2019	doi:10.1101/527044	doi:10.1101/527044	L0qjpS0U
tag:Levy2019	doi:10.1101/692665	doi:10.1101/692665	epufolpH
doi:10.1101/gr.110254.110	doi:10.1101/gr.110254.110	doi:10.1101/gr.110254.110	G0J9P3Ln
doi:10.1101/gr.127712.111	doi:10.1101/gr.127712.111	doi:10.1101/gr.127712.111	gsSLr9vf
doi:10.1101/gr.200535.115	doi:10.1101/gr.200535.115	doi:10.1101/gr.200535.115	2CbHXoFn
tag:Kelley2016_basset	doi:10.1101/gr.200535.115	doi:10.1101/gr.200535.115	2CbHXoFn
tag:Salas2018_GR	doi:10.1101/gr.233213.117	doi:10.1101/gr.233213.117	1Ckbonoy0
tag:Abe	doi:10.1101/gr.634603	doi:10.1101/gr.634603	1HhqhBwrM
doi:10.1103/RevModPhys.34.135	doi:10.1103/RevModPhys.34.135	doi:10.1103/revmodphys.34.135	1G5eCiq4d
tag:Chryssolouris1996_confidence	doi:10.1109/72.478409	doi:10.1109/72.478409	9SnNyc8Y
tag:Huddar2016_predicting	doi:10.1109/ACCESS.2016.2618775	doi:10.1109/access.2016.2618775	fOaBA9Vc
doi:10.1109/BIBM.2014.6999129	doi:10.1109/BIBM.2014.6999129	doi:10.1109/bibm.2014.6999129	TeIxEjqm
tag:Min2016_deepenhancer	doi:10.1109/BIBM.2016.7822593	doi:10.1109/bibm.2016.7822593	jV2YerUS
doi:10.1109/BIBM.2018.8621365	doi:10.1109/BIBM.2018.8621365	doi:10.1109/bibm.2018.8621365	s3I1CsTr
tag:Khwaja2017	doi:10.1109/BIOCAS.2017.8325078	doi:10.1109/biocas.2017.8325078	gXQfsrAl
tag:Esfahani2016_melanoma	doi:10.1109/EMBC.2016.7590963	doi:10.1109/embc.2016.7590963	O39LDkX
tag:Nemati2016_rl	doi:10.1109/EMBC.2016.7591355	doi:10.1109/embc.2016.7591355	16OQvsRqJ
tag:Seide2014_parallel	doi:10.1109/ICASSP.2014.6853593	doi:10.1109/icassp.2014.6853593	IULiPa6L
tag:Fong2017_perturb	doi:10.1109/ICCV.2017.371	doi:10.1109/iccv.2017.371	niTcKl83
doi:10.1109/icnn.1994.374637	doi:10.1109/icnn.1994.374637	doi:10.1109/icnn.1994.374637	YUms527e
tag:Essinger2010_taxonomic	doi:10.1109/IJCNN.2010.5596644	doi:10.1109/ijcnn.2010.5596644	11wVLI2Hn
tag:Burlina2016_amd	doi:10.1109/ISBI.2016.7493240	doi:10.1109/isbi.2016.7493240	iBPOt78R
doi:10.1109/JBHI.2016.2633963	doi:10.1109/JBHI.2016.2633963	doi:10.1109/jbhi.2016.2633963	1Fiy543WZ
doi:10.1109/TCBB.2014.2343960	doi:10.1109/TCBB.2014.2343960	doi:10.1109/tcbb.2014.2343960	ZzaRyGuJ
tag:Liang2015_exprs_cancer	doi:10.1109/TCBB.2014.2377729	doi:10.1109/tcbb.2014.2377729	1EtavGKI4
tag:Singh2016_tsk	doi:10.1109/TCBB.2016.2609918	doi:10.1109/tcbb.2016.2609918	Nc8y8wkO
tag:Fu2019	doi:10.1109/TCBB.2019.2909237	doi:10.1109/tcbb.2019.2909237	fUGhxx3W
tag:Roth2015_view_agg_cad	doi:10.1109/TMI.2015.2482920	doi:10.1109/tmi.2015.2482920	KseoWN2w
tag:Shin2016_cad_tl	doi:10.1109/TMI.2016.2528162	doi:10.1109/tmi.2016.2528162	1GAyqYBNZ
tag:Yu2016_melanoma_resnet	doi:10.1109/TMI.2016.2642839	doi:10.1109/tmi.2016.2642839	phRCihNB
tag:Ditzler3	doi:10.1109/TNB.2015.2461219	doi:10.1109/tnb.2015.2461219	i38A0beL
tag:Ditzler2	doi:10.1109/TNNLS.2014.2320415	doi:10.1109/tnnls.2014.2320415	O9D66oYa
doi:10.1110/ps.0239403	doi:10.1110/ps.0239403	doi:10.1110/ps.0239403	ul5VuLBZ
tag:Knights	doi:10.1111/j.1574-6976.2010.00251.x	doi:10.1111/j.1574-6976.2010.00251.x	aI9g2UOc
doi:10.1111/j.1740-9713.2016.00960.x	doi:10.1111/j.1740-9713.2016.00960.x	doi:10.1111/j.1740-9713.2016.00960.x	6co0adq
tag:Ghosh1992_sequence	doi:10.1117/12.140112	doi:10.1117/12.140112	oc44yBj0
tag:Bar2015_nonmed_tl	doi:10.1117/12.2083124	doi:10.1117/12.2083124	1Fy5bcnCI
tag:Amit2017_breast_mri	doi:10.1117/12.2249981	doi:10.1117/12.2249981	SOi9mAC2
doi:10.1126/science.1132939	doi:10.1126/science.1132939	doi:10.1126/science.1132939	Ot5bUkmI
tag:Xiong2015_splicing_code	doi:10.1126/science.1254806	doi:10.1126/science.1254806	17sgPdcMT
doi:10.1126/science.333.6041.404-a	doi:10.1126/science.333.6041.404-a	doi:10.1126/science.333.6041.404-a	DmQPI43R
tag:Lodato2015_neurons	doi:10.1126/science.aab1785	doi:10.1126/science.aab1785	1GvfSy48x
tag:Li2016_variation	doi:10.1126/science.aad9417	doi:10.1126/science.aad9417	b6p6wxpC
doi:10.1126/science.aah6168	doi:10.1126/science.aah6168	doi:10.1126/science.aah6168	gvyja7v1
tag:Karlin	doi:10.1128/jb.179.12.3899-3913.1997	doi:10.1128/jb.179.12.3899-3913.1997	N9NzkOjA
tag:Tan2015_adage	doi:10.1128/mSystems.00025-15	doi:10.1128/msystems.00025-15	1CFhfCyWN
doi:10.1136/amiajnl-2011-000150	doi:10.1136/amiajnl-2011-000150	doi:10.1136/amiajnl-2011-000150	sG3iVOTS
doi:10.1136/amiajnl-2011-000501	doi:10.1136/amiajnl-2011-000501	doi:10.1136/amiajnl-2011-000501	uDaRUyh9
doi:10.1136/amiajnl-2011-000681	doi:10.1136/amiajnl-2011-000681	doi:10.1136/amiajnl-2011-000681	odRiFxnB
tag:Gultepe2014_sepsis	doi:10.1136/amiajnl-2013-001815	doi:10.1136/amiajnl-2013-001815	eCrLGgiX
doi:10.1136/amiajnl-2013-001935	doi:10.1136/amiajnl-2013-001935	doi:10.1136/amiajnl-2013-001935	11OyzMl87
doi:10.1142/9789813207813_0050	doi:10.1142/9789813207813_0050	doi:10.1142/9789813207813_0050	qe90c1CL
doi:10.1142/9789813235533_0008	doi:10.1142/9789813235533_0008	doi:10.1142/9789813235533_0008	7V2oCvtf
doi:10.1142/9789814644730_0014	doi:10.1142/9789814644730_0014	doi:10.1142/9789814644730_0014	PBiRSdXv
tag:Tan2014_psb	doi:10.1142/9789814644730_0014	doi:10.1142/9789814644730_0014	PBiRSdXv
tag:TAC-ELM	doi:10.1142/S0219720012500151	doi:10.1142/s0219720012500151	Wz7VUS03
doi:10.1142/S0219720015410012	doi:10.1142/S0219720015410012	doi:10.1142/s0219720015410012	XbkgrcMy
doi:10.1145/1143844.1143874	doi:10.1145/1143844.1143874	doi:10.1145/1143844.1143874	JNnkm5Zt
tag:Mapreduce	doi:10.1145/1327452.1327492	doi:10.1145/1327452.1327492	xE3EYmck
tag:Raina2009_gpu	doi:10.1145/1553374.1553486	doi:10.1145/1553374.1553486	F3e4wfzQ
tag:RAD2010_view_cc	doi:10.1145/1721654.1721672	doi:10.1145/1721654.1721672	ObFN78yp
doi:10.1145/2382577.2382579	doi:10.1145/2382577.2382579	doi:10.1145/2382577.2382579	889LsjDi
tag:Li2014_minibatch	doi:10.1145/2623330.2623612	doi:10.1145/2623330.2623612	fNkl8HFz
doi:10.1145/2661829.2661974	doi:10.1145/2661829.2661974	doi:10.1145/2661829.2661974	XQtuRkTU
tag:Edwards2015_growing_pains	doi:10.1145/2771283	doi:10.1145/2771283	1FocAi7N0
tag:Zhang2015_multitask_tl	doi:10.1145/2783258.2783304	doi:10.1145/2783258.2783304	HlDY7trA
tag:Caruana2015_intelligible	doi:10.1145/2783258.2788613	doi:10.1145/2783258.2788613	gSmt16Rh
doi:10.1145/2939672.2939823	doi:10.1145/2939672.2939823	doi:10.1145/2939672.2939823	TwvauiTv
doi:10.1145/2976749.2978318	doi:10.1145/2976749.2978318	doi:10.1145/2976749.2978318	LiCxcgZp
tag:Shen2017_medimg_review	doi:10.1146/annurev-bioeng-071516-044442	doi:10.1146/annurev-bioeng-071516-044442	yEstnIOT
tag:Vera2016_sc_analysis	doi:10.1146/annurev-genet-120215-034854	doi:10.1146/annurev-genet-120215-034854	v97iPXDw
doi:10.1148/radiol.2017162326	doi:10.1148/radiol.2017162326	doi:10.1148/radiol.2017162326	Qve94Jra
tag:Lakhani2017_radiography	doi:10.1148/radiol.2017162326	doi:10.1148/radiol.2017162326	Qve94Jra
doi:10.1155/2013/769639	doi:10.1155/2013/769639	doi:10.1155/2013/769639	3JyJ3DTh
doi:10.1155/2014/240403	doi:10.1155/2014/240403	doi:10.1155/2014/240403	14uLNRP38
doi:10.1155/2016/1850404	doi:10.1155/2016/1850404	doi:10.1155/2016/1850404	ULZPgbOq
doi:10.1155/2016/8479587	doi:10.1155/2016/8479587	doi:10.1155/2016/8479587	19r6xFsZQ
tag:Kwabi-Addo2007	doi:10.1158/1078-0432.CCR-07-0085	doi:10.1158/1078-0432.ccr-07-0085	pMCJmea0
doi:10.1158/1078-0432.CCR-13-0583	doi:10.1158/1078-0432.CCR-13-0583	doi:10.1158/1078-0432.ccr-13-0583	pEIw87Mp
doi:10.1162/NECO_a_00924	doi:10.1162/NECO_a_00924	doi:10.1162/neco_a_00924	WMwUw1o4
tag:Abramoff2016_dr	doi:10.1167/iovs.16-19964	doi:10.1167/iovs.16-19964	e3vyHBV2
tag:Salzberg	doi:10.1186/1471-2105-11-544	doi:10.1186/1471-2105-11-544	c4rnN1wo
tag:yok	doi:10.1186/1471-2105-12-20	doi:10.1186/1471-2105-12-20	qUGH5CX8
tag:Houseman2012	doi:10.1186/1471-2105-13-86	doi:10.1186/1471-2105-13-86	jAbFiCUP
doi:10.1186/1758-2946-5-30	doi:10.1186/1758-2946-5-30	doi:10.1186/1758-2946-5-30	M1EW8Rfl
tag:Stratnikov	doi:10.1186/2049-2618-1-11	doi:10.1186/2049-2618-1-11	c5P9jHCg
tag:Stein2010_cloud	doi:10.1186/gb-2010-11-5-207	doi:10.1186/gb-2010-11-5-207	q0SsFrZd
tag:Horvath2013	doi:10.1186/gb-2013-14-10-r115	doi:10.1186/gb-2013-14-10-r115	AWLDxZwA
tag:Zeng2015	doi:10.1186/s12859-015-0553-9	doi:10.1186/s12859-015-0553-9	z3I2IudI
tag:Ding	doi:10.1186/s12859-015-0753-3	doi:10.1186/s12859-015-0753-3	5W4KMSdT
tag:Ditzler	doi:10.1186/s12859-015-0793-8	doi:10.1186/s12859-015-0793-8	1AN5UPfb1
doi:10.1186/s12859-015-0845-0	doi:10.1186/s12859-015-0845-0	doi:10.1186/s12859-015-0845-0	18lqFDKRR
tag:Chen2016_exprs_yeast	doi:10.1186/s12859-015-0852-1	doi:10.1186/s12859-015-0852-1	yVBx9Qx4
tag:Houseman2016	doi:10.1186/s12859-016-1140-4	doi:10.1186/s12859-016-1140-4	191VNF80b
doi:10.1186/s12859-017-1561-8	doi:10.1186/s12859-017-1561-8	doi:10.1186/s12859-017-1561-8	qnKdqG0P
doi:10.1186/s12859-017-1609-9	doi:10.1186/s12859-017-1609-9	doi:10.1186/s12859-017-1609-9	1F5aZYjOB
doi:10.1186/s12859-017-1700-2	doi:10.1186/s12859-017-1700-2	doi:10.1186/s12859-017-1700-2	3nZqSy6z
doi:10.1186/s12859-017-1757-y	doi:10.1186/s12859-017-1757-y	doi:10.1186/s12859-017-1757-y	18QrMkpC5
tag:Darst2018	doi:10.1186/s12863-018-0646-3	doi:10.1186/s12863-018-0646-3	bnD7Q1cQ
tag:Tian2019	doi:10.1186/s12864-019-5488-5	doi:10.1186/s12864-019-5488-5	NzYX9e9i
tag:Zhang2019	doi:10.1186/s12885-019-5932-6	doi:10.1186/s12885-019-5932-6	zyuP2u2w
tag:Islam2018	doi:10.1186/s12919-018-0121-1	doi:10.1186/s12919-018-0121-1	1GRpO6k1o
tag:Gerstein2016_scaling	doi:10.1186/s13059-016-0917-0	doi:10.1186/s13059-016-0917-0	1E7bFCRV4
tag:Angermueller2016_single_methyl	doi:10.1186/s13059-017-1189-z	doi:10.1186/s13059-017-1189-z	19EJTHByG
tag:Angermueller2017	doi:10.1186/s13059-017-1189-z	doi:10.1186/s13059-017-1189-z	19EJTHByG
tag:Salas2018	doi:10.1186/s13059-018-1448-7	doi:10.1186/s13059-018-1448-7	1CUh3SDNG
doi:10.1186/s13073-016-0288-x	doi:10.1186/s13073-016-0288-x	doi:10.1186/s13073-016-0288-x	KJjibUtO
tag:Lusci2015_irv	doi:10.1186/s13321-015-0110-6	doi:10.1186/s13321-015-0110-6	1E0x7QgLP
doi:10.1186/s13321-016-0165-z	doi:10.1186/s13321-016-0165-z	doi:10.1186/s13321-016-0165-z	Sn8TwSQK
doi:10.1200/JCO.2008.18.1370	doi:10.1200/JCO.2008.18.1370	doi:10.1200/jco.2008.18.1370	lnK82Ey6
doi:10.1208/s12248-012-9322-0	doi:10.1208/s12248-012-9322-0	doi:10.1208/s12248-012-9322-0	13iyYvEcB
doi:10.1246/cl.180665	doi:10.1246/cl.180665	doi:10.1246/cl.180665	VGtw9EAZ
tag:Liu2016_sc_transcriptome	doi:10.12688/f1000research.7223.1	doi:10.12688/f1000research.7223.1	QafUwNKn
doi:10.1371/journal.pbio.1001661	doi:10.1371/journal.pbio.1001661	doi:10.1371/journal.pbio.1001661	dKwyEWWF
doi:10.1371/journal.pbio.1002195	doi:10.1371/journal.pbio.1002195	doi:10.1371/journal.pbio.1002195	13bxiY1vo
doi:10.1371/journal.pcbi.1000807	doi:10.1371/journal.pcbi.1000807	doi:10.1371/journal.pcbi.1000807	imRWjslx
doi:10.1371/journal.pcbi.1000837	doi:10.1371/journal.pcbi.1000837	doi:10.1371/journal.pcbi.1000837	c6gbPCdT
doi:10.1371/journal.pcbi.1000916	doi:10.1371/journal.pcbi.1000916	doi:10.1371/journal.pcbi.1000916	EPo6SPty
doi:10.1371/journal.pcbi.1002957	doi:10.1371/journal.pcbi.1002957	doi:10.1371/journal.pcbi.1002957	5tvnB4uW
doi:10.1371/journal.pcbi.1003711	doi:10.1371/journal.pcbi.1003711	doi:10.1371/journal.pcbi.1003711	JxuQvvyk
tag:Ghandi2014_enhanced	doi:10.1371/journal.pcbi.1003711	doi:10.1371/journal.pcbi.1003711	JxuQvvyk
doi:10.1371/journal.pcbi.1003889	doi:10.1371/journal.pcbi.1003889	doi:10.1371/journal.pcbi.1003889	F13xtRbV
tag:Segata	doi:10.1371/journal.pcbi.1004977	doi:10.1371/journal.pcbi.1004977	y9s5irW
doi:10.1371/journal.pcbi.1005135	doi:10.1371/journal.pcbi.1005135	doi:10.1371/journal.pcbi.1005135	1SIuofeg
doi:10.1371/journal.pcbi.1005177	doi:10.1371/journal.pcbi.1005177	doi:10.1371/journal.pcbi.1005177	40EG4ZEU
doi:10.1371/journal.pcbi.1005219	doi:10.1371/journal.pcbi.1005219	doi:10.1371/journal.pcbi.1005219	tOpadZQw
doi:10.1371/journal.pcbi.1005324	doi:10.1371/journal.pcbi.1005324	doi:10.1371/journal.pcbi.1005324	BhfjKSY3
tag:Wang2016_protein_contact	doi:10.1371/journal.pcbi.1005324	doi:10.1371/journal.pcbi.1005324	BhfjKSY3
tag:Qin2017_onehot	doi:10.1371/journal.pcbi.1005403	doi:10.1371/journal.pcbi.1005403	Qbtqlmhf
doi:10.1371/journal.pcbi.1005690	doi:10.1371/journal.pcbi.1005690	doi:10.1371/journal.pcbi.1005690	Oc6JOTS6
doi:10.1371/journal.pcbi.1007128	doi:10.1371/journal.pcbi.1007128	doi:10.1371/journal.pcbi.1007128	YuJbg3zO
tag:Christensen2009	doi:10.1371/journal.pgen.1000602	doi:10.1371/journal.pgen.1000602	4zLbWhjO
tag:Relton2010	doi:10.1371/journal.pmed.1000356	doi:10.1371/journal.pmed.1000356	pbX22J7v
doi:10.1371/journal.pone.0028766	doi:10.1371/journal.pone.0028766	doi:10.1371/journal.pone.0028766	10dNuD89l
doi:10.1371/journal.pone.0032235	doi:10.1371/journal.pone.0032235	doi:10.1371/journal.pone.0032235	1AlhRKQbe
tag:Liu	doi:10.1371/journal.pone.0053253	doi:10.1371/journal.pone.0053253	Vb3Fwx7d
doi:10.1371/journal.pone.0061318	doi:10.1371/journal.pone.0061318	doi:10.1371/journal.pone.0061318	QcwZC8wG
doi:10.1371/journal.pone.0066341	doi:10.1371/journal.pone.0066341	doi:10.1371/journal.pone.0066341	FLX0o7bL
tag:wgsquikr	doi:10.1371/journal.pone.0091784	doi:10.1371/journal.pone.0091784	RqhGD9c7
tag:Bach2015_on	doi:10.1371/journal.pone.0130140	doi:10.1371/journal.pone.0130140	au5CLIOH
tag:Asgari	doi:10.1371/journal.pone.0141287	doi:10.1371/journal.pone.0141287	1E1PWjqTm
doi:10.1371/journal.pone.0171410	doi:10.1371/journal.pone.0171410	doi:10.1371/journal.pone.0171410	as2HfoSh
tag:Boza	doi:10.1371/journal.pone.0178751	doi:10.1371/journal.pone.0178751	Jw2asgH1
doi:10.1371/journal.pone.0182130	doi:10.1371/journal.pone.0182130	doi:10.1371/journal.pone.0182130	RRR3YEJV
tag:Graphlab	doi:10.14778/2212351.2212354	doi:10.14778/2212351.2212354	1XcexUAV
doi:10.1504/IJDMB.2016.074878	doi:10.1504/IJDMB.2016.074878	doi:10.1504/ijdmb.2016.074878	MY6FXgFn
tag:Shapely	doi:10.1515/9781400881970-018	doi:10.1515/9781400881970-018	YBJdA6LJ
tag:Soueidan	doi:10.1515/metgen-2016-0001	doi:10.1515/metgen-2016-0001	yFOAeemA
tag:Angermueller2016_dl_review	doi:10.15252/msb.20156651	doi:10.15252/msb.20156651	irSe12Sm
tag:Kraus2017_deeploc	doi:10.15252/msb.20177551	doi:10.15252/msb.20177551	DcnNfASG
tag:JuanMateu2016_t1d	doi:10.1530/EJE-15-0916	doi:10.1530/eje-15-0916	CNz9HwZ3
tag:Parnamaa2017	doi:10.1534/g3.116.033654	doi:10.1534/g3.116.033654	2a7MHtAx
doi:10.1561/0400000042	doi:10.1561/0400000042	doi:10.1561/0400000042	v8Lp4ibI
doi:10.1590/2176-9451.19.4.027-029.ebo	doi:10.1590/2176-9451.19.4.027-029.ebo	doi:10.1590/2176-9451.19.4.027-029.ebo	Fx5qVQlk
tag:Quach2017	doi:10.18632/aging.101168	doi:10.18632/aging.101168	8i1LNUx2
doi:10.18653/v1/w15-3810	doi:10.18653/v1/w15-3810	doi:10.18653/v1/w15-3810	LeLKNlsR
doi:10.18653/v1/w15-3814	doi:10.18653/v1/w15-3814	doi:10.18653/v1/w15-3814	E0XYyYBe
doi:10.18653/v1/w15-3822	doi:10.18653/v1/w15-3822	doi:10.18653/v1/w15-3822	pWpK5WUq
doi:10.18653/v1/w16-3009	doi:10.18653/v1/w16-3009	doi:10.18653/v1/w16-3009	1AkznVzFs
doi:10.18653/v1/w16-3012	doi:10.18653/v1/w16-3012	doi:10.18653/v1/w16-3012	ztw1ugBP
doi:10.18653/v1/w17-2302	doi:10.18653/v1/w17-2302	doi:10.18653/v1/w17-2302	zUPTZa6w
doi:10.18653/v1/w17-2304	doi:10.18653/v1/w17-2304	doi:10.18653/v1/w17-2304	1H4fyFU1f
doi:10.18653/v1/w17-2328	doi:10.18653/v1/w17-2328	doi:10.18653/v1/w17-2328	zPnsAqyX
doi:10.18653/v1/w17-2341	doi:10.18653/v1/w17-2341	doi:10.18653/v1/w17-2341	8YmxYueq
doi:10.18653/v1/w17-2342	doi:10.18653/v1/w17-2342	doi:10.18653/v1/w17-2342	4QDXEv4C
tag:Teschendorff2017	doi:10.2217/epi-2016-0153	doi:10.2217/epi-2016-0153	cjMBtlVG
doi:10.2307/2281868	doi:10.2307/2281868	doi:10.2307/2281868	6RHepB1T
doi:10.3109/10409238.2015.1135868	doi:10.3109/10409238.2015.1135868	doi:10.3109/10409238.2015.1135868	MmRGFVUu
doi:10.3115/1572392.1572411	doi:10.3115/1572392.1572411	doi:10.3115/1572392.1572411	rw9nA3Y7
doi:10.3233/978-1-61499-432-9-584	doi:10.3233/978-1-61499-432-9-584	doi:10.3233/978-1-61499-432-9-584	sePDg4mZ
tag:Mayr2016_deep_tox	doi:10.3389/fenvs.2015.00080	doi:10.3389/fenvs.2015.00080	Y1D0SZrO
doi:10.3389/fgene.2014.00342	doi:10.3389/fgene.2014.00342	doi:10.3389/fgene.2014.00342	ppGS5h4v
doi:10.3389/fncom.2016.00094	doi:10.3389/fncom.2016.00094	doi:10.3389/fncom.2016.00094	WNE8N7Cp
doi:10.3390/info6040848	doi:10.3390/info6040848	doi:10.3390/info6040848	OuoHShLI
doi:10.5220/0006636401400145	doi:10.5220/0006636401400145	doi:10.5220/0006636401400145	71snAYRy
tag:Baxt1991_myocardial	doi:10.7326/0003-4819-115-11-843	doi:10.7326/0003-4819-115-11-843	jdg2u7bX
tag:Errington2014_reproducibility	doi:10.7554/eLife.04333	doi:10.7554/elife.04333	ZxQ49E8q
tag:Agarwal2015_targetscan	doi:10.7554/eLife.05005	doi:10.7554/elife.05005	12vPQi3gp
doi:10.7554/eLife.27041	doi:10.7554/eLife.27041	doi:10.7554/elife.27041	vk9ZInF3
pmcid:PMC3041534	pmcid:PMC3041534	pmcid:PMC3041534	RoOhUFKU
pmcid:PMC3797550	pmcid:PMC3797550	pmcid:PMC3797550	7s3dpUrT
pmcid:PMC4765623	pmcid:PMC4765623	pmcid:PMC4765623	1GRT18Tt2
pmcid:PMC4832129	pmcid:PMC4832129	pmcid:PMC4832129	eAP2kxzn
tag:Sa2015_buckwild	pmcid:PMC4907892	pmcid:PMC4907892	ybP8QCqL
pmcid:PMC5119627	pmcid:PMC5119627	pmcid:PMC5119627	rqGoVCuH
tag:Faruqi	url:http://alifar76.github.io/sklearn-metrics/	url:http://alifar76.github.io/sklearn-metrics/	NQ5jiN7B
url:http://ana.blogs.com/maestros/2006/11/data_is_the_new.html	url:http://ana.blogs.com/maestros/2006/11/data_is_the_new.html	url:http://ana.blogs.com/maestros/2006/11/data_is_the_new.html	6fE0Vrba
tag:Lowe2012_kaggle	url:http://blogs.sciencemag.org/pipeline/archives/2012/12/11/did_kaggle_predict_drug_candidate_activities_or_not	url:http://blogs.sciencemag.org/pipeline/archives/2012/12/11/did_kaggle_predict_drug_candidate_activities_or_not	KJCJKadA
tag:platt_scaling	url:http://citeseer.ist.psu.edu/viewdoc/summary?doi=10.1.1.41.1639	url:http://citeseer.ist.psu.edu/viewdoc/summary?doi=10.1.1.41.1639	ZhuDaoNw
tag:Mordvintsev2015_inceptionism	url:http://googleresearch.blogspot.co.uk/2015/06/inceptionism-going-deeper-into-neural.html	url:http://googleresearch.blogspot.co.uk/2015/06/inceptionism-going-deeper-into-neural.html	XLHInhc1
url:http://hazyresearch.github.io/snorkel/blog/weak_supervision.html	url:http://hazyresearch.github.io/snorkel/blog/weak_supervision.html	url:http://hazyresearch.github.io/snorkel/blog/weak_supervision.html	hfcf5Hmi
tag:Dragonn	url:http://kundajelab.github.io/dragonn/	url:http://kundajelab.github.io/dragonn/	117PEpTMe
tag:Duvenaud2015_graph_conv	url:http://papers.nips.cc/paper/5954-convolutional-networks-on-graphs-for-learning-molecular-fingerprints	url:http://papers.nips.cc/paper/5954-convolutional-networks-on-graphs-for-learning-molecular-fingerprints	Oe573FaL
tag:Aitchison2017	url:http://papers.nips.cc/paper/6940-model-based-bayesian-inference-of-neural-activity-and-connectivity-from-all-optical-interrogation-of-a-neural-circuit	url:http://papers.nips.cc/paper/6940-model-based-bayesian-inference-of-neural-activity-and-connectivity-from-all-optical-interrogation-of-a-neural-circuit	JaDImylU
url:http://proceedings.mlr.press/v54/mcmahan17a.html	url:http://proceedings.mlr.press/v54/mcmahan17a.html	url:http://proceedings.mlr.press/v54/mcmahan17a.html	U0ySdznJ
tag:Dean2012_nips_downpour	url:http://research.google.com/archive/large_deep_networks_nips2012.html	url:http://research.google.com/archive/large_deep_networks_nips2012.html	17cBimWgp
url:http://research.google.com/archive/unsupervised_icml2012.html	url:http://research.google.com/archive/unsupervised_icml2012.html	url:http://research.google.com/archive/unsupervised_icml2012.html	IiNJE32f
tag:Unterthiner2014_screening	url:http://www.bioinf.at/publications/2014/NIPS2014a.pdf	url:http://www.bioinf.at/publications/2014/NIPS2014a.pdf	F8fP2vAg
tag:Speech_recognition	url:http://www.businessinsider.com/ibm-edges-closer-to-human-speech-recognition-2017-3	url:http://www.businessinsider.com/ibm-edges-closer-to-human-speech-recognition-2017-3	nyjAIan4
tag:gal_thesis	url:http://www.cs.ox.ac.uk/people/yarin.gal/website/thesis/thesis.pdf	url:http://www.cs.ox.ac.uk/people/yarin.gal/website/thesis/thesis.pdf	LxptBw9l
tag:goodfellow2016deep	url:http://www.deeplearningbook.org	url:http://www.deeplearningbook.org	15hB2MvHu
url:http://www.intel.com/pressroom/archive/speeches/ag080998.htm	url:http://www.intel.com/pressroom/archive/speeches/ag080998.htm	url:http://www.intel.com/pressroom/archive/speeches/ag080998.htm	mAXsmd43
tag:Ehran2009_visualizing	url:http://www.iro.umontreal.ca/~lisa/publications2/index.php/publications/show/247	url:http://www.iro.umontreal.ca/~lisa/publications2/index.php/publications/show/247	UAAd9Uez
tag:Bergstra2012_random	url:http://www.jmlr.org/papers/v13/bergstra12a.html	url:http://www.jmlr.org/papers/v13/bergstra12a.html	1FSwIjR9s
tag:Maaten2008_tsne	url:http://www.jmlr.org/papers/v9/vandermaaten08a.html	url:http://www.jmlr.org/papers/v9/vandermaaten08a.html	TGyu2Woj
tag:Coates2013_cots_hpc	url:http://www.jmlr.org/proceedings/papers/v28/coates13.html	url:http://www.jmlr.org/proceedings/papers/v28/coates13.html	4MZ2tmZ8
url:http://www.predictioncenter.org/casp12/rrc_avrg_results.cgi	url:http://www.predictioncenter.org/casp12/rrc_avrg_results.cgi	url:http://www.predictioncenter.org/casp12/rrc_avrg_results.cgi	zScWGveU
tag:world2004international	url:http://www.who.int/classifications/icd/en/	url:http://www.who.int/classifications/icd/en/	zVoUcFPZ
tag:Ngiam2011	url:https://ai.stanford.edu/~ang/papers/icml11-MultimodalDeepLearning.pdf	url:https://ai.stanford.edu/~ang/papers/icml11-MultimodalDeepLearning.pdf	1eN66lwn
tag:techblog-perkel	url:https://blogs.nature.com/naturejobs/2018/02/20/techblog-manubot-powers-a-crowdsourced-deep-learning-review/	url:https://blogs.nature.com/naturejobs/2018/02/20/techblog-manubot-powers-a-crowdsourced-deep-learning-review/	SqhJCztH
tag:li2016joint	url:https://dl.acm.org/citation.cfm?id=3061018	url:https://dl.acm.org/citation.cfm?id=3061018	17ydlqmVI
url:https://eprint.iacr.org/2017/281.pdf	url:https://eprint.iacr.org/2017/281.pdf	url:https://eprint.iacr.org/2017/281.pdf	1GprsH3DV
tag:DeepChem	url:https://github.com/deepchem/deepchem	url:https://github.com/deepchem/deepchem	Ytvk62dX
tag:Keras	url:https://github.com/fchollet/keras	url:https://github.com/fchollet/keras	FwEK0msb
url:https://github.com/greenelab/deep-review	url:https://github.com/greenelab/deep-review	url:https://github.com/greenelab/deep-review	yLr4pV4G
tag:Elephas	url:https://github.com/maxpumperla/elephas	url:https://github.com/maxpumperla/elephas	y9IoEy4r
url:https://medium.com/twenty-one-hundred/data-is-the-new-oil-a-ludicrous-proposition-1d91bba4f294	url:https://medium.com/twenty-one-hundred/data-is-the-new-oil-a-ludicrous-proposition-1d91bba4f294	url:https://medium.com/twenty-one-hundred/data-is-the-new-oil-a-ludicrous-proposition-1d91bba4f294	o8mib4CN
url:https://nihcc.app.box.com/v/ChestXray-NIHCC	url:https://nihcc.app.box.com/v/ChestXray-NIHCC	url:https://nihcc.app.box.com/v/ChestXray-NIHCC	odFR7ptt
tag:Papernot2017_pate	url:https://openreview.net/forum?id=HkwoSDPgg	url:https://openreview.net/forum?id=HkwoSDPgg	b8DJ1u6W
tag:Romero2017_diet	url:https://openreview.net/pdf?id=Sk-oDY9ge	url:https://openreview.net/pdf?id=Sk-oDY9ge	15JUKBg9y
tag:Bergstra2011_hyper	url:https://papers.nips.cc/paper/4443-algorithms-for-hyper-parameter-optimization.pdf	url:https://papers.nips.cc/paper/4443-algorithms-for-hyper-parameter-optimization.pdf	wz83yfHF
tag:Krizhevsky2013_nips_cnn	url:https://papers.nips.cc/paper/4824-imagenet-classification-with-deep-convolutional-neural-networks.pdf	url:https://papers.nips.cc/paper/4824-imagenet-classification-with-deep-convolutional-neural-networks.pdf	CCS5KSIM
tag:Yosinski2014	url:https://papers.nips.cc/paper/5347-how-transferable-are-features-in-deep-neural-networks	url:https://papers.nips.cc/paper/5347-how-transferable-are-features-in-deep-neural-networks	enhj7VT6
url:https://phekb.org/implementations	url:https://phekb.org/implementations	url:https://phekb.org/implementations	ziudr6hx
tag:Mrzelj	url:https://repozitorij.uni-lj.si/IzpisGradiva.php?id=85515	url:https://repozitorij.uni-lj.si/IzpisGradiva.php?id=85515	iPIJrVVs
tag:Vanhoucke2011_cpu	url:https://research.google.com/pubs/pub37631.html	url:https://research.google.com/pubs/pub37631.html	NSgduYNT
url:https://www.cameo3d.org	url:https://www.cameo3d.org	url:https://www.cameo3d.org	5OOI0sS2
tag:krizhevsky-2009	url:https://www.cs.toronto.edu/~kriz/learning-features-2009-TR.pdf	url:https://www.cs.toronto.edu/~kriz/learning-features-2009-TR.pdf	IcdRxiDv
tag:Guetterman	url:https://www.fasebj.org/doi/abs/10.1096/fasebj.30.1_supplement.406.3	url:https://www.fasebj.org/doi/abs/10.1096/fasebj.30.1_supplement.406.3	waowNTz7
tag:Nih_curiosity	url:https://www.nigms.nih.gov/Education/Documents/curiosity.pdf	url:https://www.nigms.nih.gov/Education/Documents/curiosity.pdf	ru0hjGeQ
tag:Dream_tf_binding	url:https://www.synapse.org/#!Synapse:syn6131484/wiki/402026	url:https://www.synapse.org/#!Synapse:syn6131484/wiki/402026	wW6QbBXz
